id,lastmod
Q9682,2022-12-08T23:09:28Z
Q43274,2022-12-08T06:28:48Z
Q57800,2022-11-18T23:36:54Z
Q58248,2022-10-18T14:46:48Z
Q354705,2022-11-16T16:01:19Z
Q1268324,2022-10-18T14:48:26Z
Q1281056,2022-10-05T01:57:05Z
Q3560964,2022-10-18T14:04:45Z
Q5026702,2022-10-18T15:32:03Z
Q6899931,2022-10-21T17:32:42Z
Q28382039,2022-10-18T15:31:29Z
Q28382042,2022-10-18T15:33:37Z
Q42386929,2022-10-18T15:31:33Z
Q66088003,2022-10-18T14:04:46Z
Q86713407,2022-10-18T14:48:14Z
Q101693621,2022-10-18T15:42:57Z
Q108461902,2021-11-29T07:58:43Z
Q108461903,2021-12-06T18:45:00Z
Q108461905,2021-11-06T12:51:41Z
Q114739574,2022-11-18T07:12:54Z
Q114739575,2022-10-18T15:48:33Z
Q114739576,2022-10-18T15:48:35Z
Q114739577,2022-10-18T15:48:30Z
Q114740002,2022-11-18T07:11:21Z
Q115263405,2022-11-28T21:50:16Z
Q115263413,2022-11-18T07:19:09Z
